date,series,value
2025-05-09,SP500,5659.91
2025-05-12,SP500,5844.19
2025-05-13,SP500,5886.55
2025-05-14,SP500,5892.58
2025-05-15,SP500,5916.93
2025-05-16,SP500,5958.38
2025-05-19,SP500,5963.60
2025-05-20,SP500,5940.46
2025-05-21,SP500,5844.61
2025-05-22,SP500,5842.01
2025-05-23,SP500,5802.82
2025-05-27,SP500,5921.54
2025-05-28,SP500,5888.55
2025-05-29,SP500,5912.17
2025-05-30,SP500,5911.69
2025-06-02,SP500,5935.94
2025-06-03,SP500,5970.37
2025-06-04,SP500,5970.81
2025-06-05,SP500,5939.30
2025-06-06,SP500,6000.36
2025-06-09,SP500,6005.88
2025-06-10,SP500,6038.81
2025-06-11,SP500,6022.24
2025-06-12,SP500,6045.26
2025-06-13,SP500,5976.97
2025-06-16,SP500,6033.11
2025-06-17,SP500,5982.72
2025-06-18,SP500,5980.87
2025-06-20,SP500,5967.84
2025-06-23,SP500,6025.17
2025-06-24,SP500,6092.18
2025-06-25,SP500,6092.16
2025-06-26,SP500,6141.02
2025-06-27,SP500,6173.07
2025-06-30,SP500,6204.95
2025-07-01,SP500,6198.01
2025-07-02,SP500,6227.42
2025-07-03,SP500,6279.35
2025-07-07,SP500,6229.98
2025-07-08,SP500,6225.52
2025-07-09,SP500,6263.26
2025-07-10,SP500,6280.46
2025-07-11,SP500,6259.75
2025-07-14,SP500,6268.56
2025-07-15,SP500,6243.76
2025-07-16,SP500,6263.70
2025-07-17,SP500,6297.36
2025-07-18,SP500,6296.79
2025-07-21,SP500,6305.60
2025-07-22,SP500,6309.62
2025-07-23,SP500,6358.91
2025-07-24,SP500,6363.35
2025-07-25,SP500,6388.64
2025-07-28,SP500,6389.77
2025-07-29,SP500,6370.86
2025-07-30,SP500,6362.90
2025-07-31,SP500,6339.39
2025-08-01,SP500,6238.01
2025-08-04,SP500,6329.94
2025-08-05,SP500,6299.19
2025-08-06,SP500,6345.06
2025-08-07,SP500,6340.00
2025-08-08,SP500,6389.45
2025-08-11,SP500,6373.45
2025-08-12,SP500,6445.76
2025-08-13,SP500,6466.58
2025-08-14,SP500,6468.54
2025-08-15,SP500,6449.80
2025-08-18,SP500,6449.15
2025-08-19,SP500,6411.37
2025-08-20,SP500,6395.78
2025-08-21,SP500,6370.17
2025-08-22,SP500,6466.91
2025-08-25,SP500,6439.32
2025-08-26,SP500,6465.94
2025-08-27,SP500,6481.40
2025-08-28,SP500,6501.86
2025-08-29,SP500,6460.26
2025-09-02,SP500,6415.54
2025-09-03,SP500,6448.26
2025-09-04,SP500,6502.08
2025-09-05,SP500,6481.50
2025-09-08,SP500,6495.15
2025-09-09,SP500,6512.61
2025-09-10,SP500,6532.04
2025-09-11,SP500,6587.47
2025-09-12,SP500,6584.29
2025-09-15,SP500,6615.28
2025-09-16,SP500,6606.76
2025-09-17,SP500,6600.35
2025-09-18,SP500,6631.96
2025-09-19,SP500,6664.36
2025-09-22,SP500,6693.75
2025-09-23,SP500,6656.92
2025-09-24,SP500,6637.97
2025-09-25,SP500,6604.72
2025-09-26,SP500,6643.70
2025-09-29,SP500,6661.21
2025-09-30,SP500,6688.46
2025-10-01,SP500,6711.20
2025-10-02,SP500,6715.35
2025-10-03,SP500,6715.79
2025-10-06,SP500,6740.28
2025-10-07,SP500,6714.59
2025-10-08,SP500,6753.72
2025-10-09,SP500,6735.11
2025-10-10,SP500,6552.51
2025-10-13,SP500,6654.72
2025-10-14,SP500,6644.31
2025-10-15,SP500,6671.06
2025-10-16,SP500,6629.07
2025-10-17,SP500,6664.01
2025-10-20,SP500,6735.13
2025-10-21,SP500,6735.35
2025-10-22,SP500,6699.40
2025-10-23,SP500,6738.44
2025-10-24,SP500,6791.69
2025-10-27,SP500,6875.16
2025-10-28,SP500,6890.89
2025-10-29,SP500,6890.59
2025-10-30,SP500,6822.34
2025-10-31,SP500,6840.20
2025-11-03,SP500,6851.97
2025-11-04,SP500,6771.55
2025-11-05,SP500,6796.29
2025-11-06,SP500,6720.32
2025-11-07,SP500,6728.80
2025-11-10,SP500,6832.43
2025-11-11,SP500,6846.61
2025-11-12,SP500,6850.92
2025-11-13,SP500,6737.49
2025-11-14,SP500,6734.11
2025-11-17,SP500,6672.41
2025-11-18,SP500,6617.32
2025-11-19,SP500,6642.16
2025-11-20,SP500,6538.76
2025-11-21,SP500,6602.99
2025-11-24,SP500,6705.12
2025-11-25,SP500,6765.88
2025-11-26,SP500,6812.61
2025-11-28,SP500,6849.09
2025-12-01,SP500,6812.63
2025-12-02,SP500,6829.37
2025-12-03,SP500,6849.72
2025-12-04,SP500,6857.12
2025-12-05,SP500,6870.40
2025-12-08,SP500,6846.51
2025-12-09,SP500,6840.51
2025-12-10,SP500,6886.68
2025-12-11,SP500,6901.00
2025-12-12,SP500,6827.41
2025-12-15,SP500,6816.51
2025-12-16,SP500,6800.26
2025-12-17,SP500,6721.43
2025-12-18,SP500,6774.76
2025-12-19,SP500,6834.50
2025-12-22,SP500,6878.49
2025-12-23,SP500,6909.79
2025-12-24,SP500,6932.05
2025-12-26,SP500,6929.94
2025-12-29,SP500,6905.74
2025-12-30,SP500,6896.24
2025-12-31,SP500,6845.50
2026-01-02,SP500,6858.47
2026-01-05,SP500,6902.05
2026-01-06,SP500,6944.82
2026-01-07,SP500,6920.93
2026-01-08,SP500,6921.46
2026-01-09,SP500,6966.28
2026-01-12,SP500,6977.27
2026-01-13,SP500,6963.74
2026-01-14,SP500,6926.60
2026-01-15,SP500,6944.47
2026-01-16,SP500,6940.01
2026-01-20,SP500,6796.86
2026-01-21,SP500,6875.62
2026-01-22,SP500,6913.35
2026-01-23,SP500,6915.61
2026-01-26,SP500,6950.23
2026-01-27,SP500,6978.60
2026-01-28,SP500,6978.03
2026-01-29,SP500,6969.01
2026-01-30,SP500,6939.03
2026-02-02,SP500,6976.44
2026-02-03,SP500,6917.81
2026-02-04,SP500,6882.72
2026-02-05,SP500,6798.40
2026-02-06,SP500,6932.30
2026-02-09,SP500,6964.82
2026-02-10,SP500,6941.81
2026-02-11,SP500,6941.47
2026-02-12,SP500,6832.76
2026-02-13,SP500,6836.17
2026-02-17,SP500,6843.22
2026-02-18,SP500,6881.31
2026-02-19,SP500,6861.89
2026-02-20,SP500,6909.51
2026-02-23,SP500,6837.75
2026-02-24,SP500,6890.07
2026-02-25,SP500,6946.13
2026-02-26,SP500,6908.86
2026-02-27,SP500,6878.88
2026-03-02,SP500,6881.62
2026-03-03,SP500,6816.63
2026-03-04,SP500,6869.50
2026-03-05,SP500,6830.71
2026-03-06,SP500,6740.02
2026-03-09,SP500,6795.99
2026-03-10,SP500,6781.48
2026-03-11,SP500,6775.80
2026-03-12,SP500,6672.62
2026-03-13,SP500,6632.19
2026-03-16,SP500,6699.38
2026-03-17,SP500,6716.09
2026-03-18,SP500,6624.70
2026-03-19,SP500,6606.49
2026-03-20,SP500,6506.48
2026-03-23,SP500,6581.00
2026-03-24,SP500,6556.37
2026-03-25,SP500,6591.90
2026-03-26,SP500,6477.16
2026-03-27,SP500,6368.85
2026-03-30,SP500,6343.72
2026-03-31,SP500,6528.52
2026-04-01,SP500,6575.32
2026-04-02,SP500,6582.69
2026-04-06,SP500,6611.83
2026-04-07,SP500,6616.85
2026-04-08,SP500,6782.81
2026-04-09,SP500,6824.66
2026-04-10,SP500,6816.89
2026-04-13,SP500,6886.24
2026-04-14,SP500,6967.38
2026-04-15,SP500,7022.95
2026-04-16,SP500,7041.28
2026-04-17,SP500,7126.06
2026-04-20,SP500,7109.14
2026-04-21,SP500,7064.01
2026-04-22,SP500,7137.90
2026-04-23,SP500,7108.40
2026-04-24,SP500,7165.08
2026-04-27,SP500,7173.91
2026-04-28,SP500,7138.80
2026-04-29,SP500,7135.95
2026-04-30,SP500,7209.01
2026-05-01,SP500,7230.12
2026-05-04,SP500,7200.75
2026-05-05,SP500,7259.22
2026-05-06,SP500,7365.12
2026-05-07,SP500,7337.11
2026-05-08,SP500,7398.93
2026-05-11,SP500,7412.84
2026-05-12,SP500,7400.96
2026-05-13,SP500,7444.25
2026-05-14,SP500,7501.24
2026-05-15,SP500,7408.50
2026-05-18,SP500,7403.05
2026-05-19,SP500,7353.61
2026-05-20,SP500,7432.97
2026-05-21,SP500,7445.72
2026-05-22,SP500,7473.47
2026-05-26,SP500,7519.12
2026-05-27,SP500,7520.36
2026-05-28,SP500,7563.63
2026-05-29,SP500,7580.06
2026-06-01,SP500,7599.96
2026-06-02,SP500,7609.78
2026-06-03,SP500,7553.68
2026-06-04,SP500,7584.31
2026-06-05,SP500,7383.74
2026-06-08,SP500,7405.73
2026-06-09,SP500,7386.65
2026-06-10,SP500,7266.99
2026-06-11,SP500,7394.30
2026-06-12,SP500,7431.46
2026-06-15,SP500,7554.29
2026-06-16,SP500,7511.35
2026-06-17,SP500,7420.10
2026-06-18,SP500,7500.58
2026-06-22,SP500,7472.79
2026-06-23,SP500,7365.46
2026-06-24,SP500,7358.22
2026-06-25,SP500,7357.49
2026-06-26,SP500,7354.02
2026-06-29,SP500,7440.43
2026-06-30,SP500,7499.36
2026-07-01,SP500,7483.23
2026-07-02,SP500,7483.24
2026-07-06,SP500,7537.43
2026-07-07,SP500,7503.85
2026-07-08,SP500,7482.71
2026-07-09,SP500,7543.64
2026-07-10,SP500,7575.39
2026-07-13,SP500,7515.34
2026-07-14,SP500,7543.59
2026-07-15,SP500,7572.40
2026-07-16,SP500,7533.77
2026-07-17,SP500,7457.69
2026-07-20,SP500,7443.28
2026-07-21,SP500,7509.20
2026-07-22,SP500,7498.96
2026-07-23,SP500,7408.30
2026-07-24,SP500,7411.98
2026-07-27,SP500,7413.18
2026-07-28,SP500,7428.78
2026-07-29,SP500,7316.15
2026-07-30,SP500,7437.63
2026-07-31,SP500,7489.72
2026-08-03,SP500,7600.50
2026-08-04,SP500,7736.52
2026-08-05,SP500,7723.55
2026-08-06,SP500,7709.96
2026-08-07,SP500,7757.64
2025-05-09,NASDAQCOM,17928.920
2025-05-12,NASDAQCOM,18708.340
2025-05-13,NASDAQCOM,19010.080
2025-05-14,NASDAQCOM,19146.810
2025-05-15,NASDAQCOM,19112.320
2025-05-16,NASDAQCOM,19211.100
2025-05-19,NASDAQCOM,19215.460
2025-05-20,NASDAQCOM,19142.710
2025-05-21,NASDAQCOM,18872.640
2025-05-22,NASDAQCOM,18925.730
2025-05-23,NASDAQCOM,18737.210
2025-05-27,NASDAQCOM,19199.160
2025-05-28,NASDAQCOM,19100.940
2025-05-29,NASDAQCOM,19175.870
2025-05-30,NASDAQCOM,19113.770
2025-06-02,NASDAQCOM,19242.610
2025-06-03,NASDAQCOM,19398.960
2025-06-04,NASDAQCOM,19460.490
2025-06-05,NASDAQCOM,19298.450
2025-06-06,NASDAQCOM,19529.950
2025-06-09,NASDAQCOM,19591.240
2025-06-10,NASDAQCOM,19714.990
2025-06-11,NASDAQCOM,19615.880
2025-06-12,NASDAQCOM,19662.480
2025-06-13,NASDAQCOM,19406.830
2025-06-16,NASDAQCOM,19701.210
2025-06-17,NASDAQCOM,19521.090
2025-06-18,NASDAQCOM,19546.270
2025-06-20,NASDAQCOM,19447.410
2025-06-23,NASDAQCOM,19630.970
2025-06-24,NASDAQCOM,19912.530
2025-06-25,NASDAQCOM,19973.550
2025-06-26,NASDAQCOM,20167.910
2025-06-27,NASDAQCOM,20273.460
2025-06-30,NASDAQCOM,20369.730
2025-07-01,NASDAQCOM,20202.890
2025-07-02,NASDAQCOM,20393.130
2025-07-03,NASDAQCOM,20601.100
2025-07-07,NASDAQCOM,20412.520
2025-07-08,NASDAQCOM,20418.460
2025-07-09,NASDAQCOM,20611.340
2025-07-10,NASDAQCOM,20630.660
2025-07-11,NASDAQCOM,20585.530
2025-07-14,NASDAQCOM,20640.330
2025-07-15,NASDAQCOM,20677.800
2025-07-16,NASDAQCOM,20730.490
2025-07-17,NASDAQCOM,20885.650
2025-07-18,NASDAQCOM,20895.660
2025-07-21,NASDAQCOM,20974.170
2025-07-22,NASDAQCOM,20892.680
2025-07-23,NASDAQCOM,21020.020
2025-07-24,NASDAQCOM,21057.960
2025-07-25,NASDAQCOM,21108.320
2025-07-28,NASDAQCOM,21178.580
2025-07-29,NASDAQCOM,21098.290
2025-07-30,NASDAQCOM,21129.670
2025-07-31,NASDAQCOM,21122.450
2025-08-01,NASDAQCOM,20650.130
2025-08-04,NASDAQCOM,21053.580
2025-08-05,NASDAQCOM,20916.550
2025-08-06,NASDAQCOM,21169.420
2025-08-07,NASDAQCOM,21242.700
2025-08-08,NASDAQCOM,21450.020
2025-08-11,NASDAQCOM,21385.400
2025-08-12,NASDAQCOM,21681.900
2025-08-13,NASDAQCOM,21713.140
2025-08-14,NASDAQCOM,21710.670
2025-08-15,NASDAQCOM,21622.980
2025-08-18,NASDAQCOM,21629.770
2025-08-19,NASDAQCOM,21314.950
2025-08-20,NASDAQCOM,21172.860
2025-08-21,NASDAQCOM,21100.310
2025-08-22,NASDAQCOM,21496.530
2025-08-25,NASDAQCOM,21449.290
2025-08-26,NASDAQCOM,21544.270
2025-08-27,NASDAQCOM,21590.140
2025-08-28,NASDAQCOM,21705.160
2025-08-29,NASDAQCOM,21455.550
2025-09-02,NASDAQCOM,21279.630
2025-09-03,NASDAQCOM,21497.730
2025-09-04,NASDAQCOM,21707.690
2025-09-05,NASDAQCOM,21700.390
2025-09-08,NASDAQCOM,21798.700
2025-09-09,NASDAQCOM,21879.490
2025-09-10,NASDAQCOM,21886.060
2025-09-11,NASDAQCOM,22043.070
2025-09-12,NASDAQCOM,22141.100
2025-09-15,NASDAQCOM,22348.750
2025-09-16,NASDAQCOM,22333.960
2025-09-17,NASDAQCOM,22261.330
2025-09-18,NASDAQCOM,22470.730
2025-09-19,NASDAQCOM,22631.480
2025-09-22,NASDAQCOM,22788.980
2025-09-23,NASDAQCOM,22573.470
2025-09-24,NASDAQCOM,22497.860
2025-09-25,NASDAQCOM,22384.700
2025-09-26,NASDAQCOM,22484.070
2025-09-29,NASDAQCOM,22591.150
2025-09-30,NASDAQCOM,22660.010
2025-10-01,NASDAQCOM,22755.160
2025-10-02,NASDAQCOM,22844.050
2025-10-03,NASDAQCOM,22780.510
2025-10-06,NASDAQCOM,22941.670
2025-10-07,NASDAQCOM,22788.360
2025-10-08,NASDAQCOM,23043.380
2025-10-09,NASDAQCOM,23024.630
2025-10-10,NASDAQCOM,22204.430
2025-10-13,NASDAQCOM,22694.610
2025-10-14,NASDAQCOM,22521.700
2025-10-15,NASDAQCOM,22670.080
2025-10-16,NASDAQCOM,22562.540
2025-10-17,NASDAQCOM,22679.970
2025-10-20,NASDAQCOM,22990.540
2025-10-21,NASDAQCOM,22953.670
2025-10-22,NASDAQCOM,22740.400
2025-10-23,NASDAQCOM,22941.800
2025-10-24,NASDAQCOM,23204.870
2025-10-27,NASDAQCOM,23637.460
2025-10-28,NASDAQCOM,23827.490
2025-10-29,NASDAQCOM,23958.470
2025-10-30,NASDAQCOM,23581.140
2025-10-31,NASDAQCOM,23724.960
2025-11-03,NASDAQCOM,23834.720
2025-11-04,NASDAQCOM,23348.640
2025-11-05,NASDAQCOM,23499.800
2025-11-06,NASDAQCOM,23053.990
2025-11-07,NASDAQCOM,23004.540
2025-11-10,NASDAQCOM,23527.170
2025-11-11,NASDAQCOM,23468.300
2025-11-12,NASDAQCOM,23406.460
2025-11-13,NASDAQCOM,22870.360
2025-11-14,NASDAQCOM,22900.590
2025-11-17,NASDAQCOM,22708.070
2025-11-18,NASDAQCOM,22432.850
2025-11-19,NASDAQCOM,22564.230
2025-11-20,NASDAQCOM,22078.050
2025-11-21,NASDAQCOM,22273.080
2025-11-24,NASDAQCOM,22872.010
2025-11-25,NASDAQCOM,23025.590
2025-11-26,NASDAQCOM,23214.690
2025-11-28,NASDAQCOM,23365.690
2025-12-01,NASDAQCOM,23275.920
2025-12-02,NASDAQCOM,23413.670
2025-12-03,NASDAQCOM,23454.090
2025-12-04,NASDAQCOM,23505.140
2025-12-05,NASDAQCOM,23578.130
2025-12-08,NASDAQCOM,23545.900
2025-12-09,NASDAQCOM,23576.490
2025-12-10,NASDAQCOM,23654.160
2025-12-11,NASDAQCOM,23593.860
2025-12-12,NASDAQCOM,23195.170
2025-12-15,NASDAQCOM,23057.410
2025-12-16,NASDAQCOM,23111.460
2025-12-17,NASDAQCOM,22693.320
2025-12-18,NASDAQCOM,23006.360
2025-12-19,NASDAQCOM,23307.620
2025-12-22,NASDAQCOM,23428.830
2025-12-23,NASDAQCOM,23561.840
2025-12-24,NASDAQCOM,23613.310
2025-12-26,NASDAQCOM,23593.100
2025-12-29,NASDAQCOM,23474.350
2025-12-30,NASDAQCOM,23419.080
2025-12-31,NASDAQCOM,23241.990
2026-01-02,NASDAQCOM,23235.630
2026-01-05,NASDAQCOM,23395.820
2026-01-06,NASDAQCOM,23547.170
2026-01-07,NASDAQCOM,23584.270
2026-01-08,NASDAQCOM,23480.020
2026-01-09,NASDAQCOM,23671.350
2026-01-12,NASDAQCOM,23733.900
2026-01-13,NASDAQCOM,23709.870
2026-01-14,NASDAQCOM,23471.750
2026-01-15,NASDAQCOM,23530.020
2026-01-16,NASDAQCOM,23515.390
2026-01-20,NASDAQCOM,22954.320
2026-01-21,NASDAQCOM,23224.820
2026-01-22,NASDAQCOM,23436.020
2026-01-23,NASDAQCOM,23501.240
2026-01-26,NASDAQCOM,23601.360
2026-01-27,NASDAQCOM,23817.100
2026-01-28,NASDAQCOM,23857.450
2026-01-29,NASDAQCOM,23685.120
2026-01-30,NASDAQCOM,23461.820
2026-02-02,NASDAQCOM,23592.110
2026-02-03,NASDAQCOM,23255.190
2026-02-04,NASDAQCOM,22904.580
2026-02-05,NASDAQCOM,22540.590
2026-02-06,NASDAQCOM,23031.210
2026-02-09,NASDAQCOM,23238.670
2026-02-10,NASDAQCOM,23102.470
2026-02-11,NASDAQCOM,23066.470
2026-02-12,NASDAQCOM,22597.150
2026-02-13,NASDAQCOM,22546.670
2026-02-17,NASDAQCOM,22578.380
2026-02-18,NASDAQCOM,22753.630
2026-02-19,NASDAQCOM,22682.730
2026-02-20,NASDAQCOM,22886.070
2026-02-23,NASDAQCOM,22627.270
2026-02-24,NASDAQCOM,22863.680
2026-02-25,NASDAQCOM,23152.080
2026-02-26,NASDAQCOM,22878.380
2026-02-27,NASDAQCOM,22668.210
2026-03-02,NASDAQCOM,22748.860
2026-03-03,NASDAQCOM,22516.690
2026-03-04,NASDAQCOM,22807.480
2026-03-05,NASDAQCOM,22748.990
2026-03-06,NASDAQCOM,22387.680
2026-03-09,NASDAQCOM,22695.950
2026-03-10,NASDAQCOM,22697.100
2026-03-11,NASDAQCOM,22716.130
2026-03-12,NASDAQCOM,22311.980
2026-03-13,NASDAQCOM,22105.360
2026-03-16,NASDAQCOM,22374.180
2026-03-17,NASDAQCOM,22479.530
2026-03-18,NASDAQCOM,22152.420
2026-03-19,NASDAQCOM,22090.690
2026-03-20,NASDAQCOM,21647.610
2026-03-23,NASDAQCOM,21946.760
2026-03-24,NASDAQCOM,21761.890
2026-03-25,NASDAQCOM,21929.830
2026-03-26,NASDAQCOM,21408.080
2026-03-27,NASDAQCOM,20948.360
2026-03-30,NASDAQCOM,20794.640
2026-03-31,NASDAQCOM,21590.630
2026-04-01,NASDAQCOM,21840.950
2026-04-02,NASDAQCOM,21879.180
2026-04-06,NASDAQCOM,21996.340
2026-04-07,NASDAQCOM,22017.850
2026-04-08,NASDAQCOM,22635.000
2026-04-09,NASDAQCOM,22822.420
2026-04-10,NASDAQCOM,22902.890
2026-04-13,NASDAQCOM,23183.740
2026-04-14,NASDAQCOM,23639.080
2026-04-15,NASDAQCOM,24016.020
2026-04-16,NASDAQCOM,24102.700
2026-04-17,NASDAQCOM,24468.480
2026-04-20,NASDAQCOM,24404.390
2026-04-21,NASDAQCOM,24259.960
2026-04-22,NASDAQCOM,24657.570
2026-04-23,NASDAQCOM,24438.500
2026-04-24,NASDAQCOM,24836.600
2026-04-27,NASDAQCOM,24887.100
2026-04-28,NASDAQCOM,24663.800
2026-04-29,NASDAQCOM,24673.240
2026-04-30,NASDAQCOM,24892.310
2026-05-01,NASDAQCOM,25114.440
2026-05-04,NASDAQCOM,25067.800
2026-05-05,NASDAQCOM,25326.130
2026-05-06,NASDAQCOM,25838.940
2026-05-07,NASDAQCOM,25806.200
2026-05-08,NASDAQCOM,26247.080
2026-05-11,NASDAQCOM,26274.130
2026-05-12,NASDAQCOM,26088.200
2026-05-13,NASDAQCOM,26402.340
2026-05-14,NASDAQCOM,26635.220
2026-05-15,NASDAQCOM,26225.140
2026-05-18,NASDAQCOM,26090.730
2026-05-19,NASDAQCOM,25870.710
2026-05-20,NASDAQCOM,26270.360
2026-05-21,NASDAQCOM,26293.100
2026-05-22,NASDAQCOM,26343.970
2026-05-26,NASDAQCOM,26656.180
2026-05-27,NASDAQCOM,26674.730
2026-05-28,NASDAQCOM,26917.470
2026-05-29,NASDAQCOM,26972.620
2026-06-01,NASDAQCOM,27086.810
2026-06-02,NASDAQCOM,27093.900
2026-06-03,NASDAQCOM,26853.980
2026-06-04,NASDAQCOM,26830.960
2026-06-05,NASDAQCOM,25709.430
2026-06-08,NASDAQCOM,25929.660
2026-06-09,NASDAQCOM,25678.820
2026-06-10,NASDAQCOM,25169.500
2026-06-11,NASDAQCOM,25809.660
2026-06-12,NASDAQCOM,25888.840
2026-06-15,NASDAQCOM,26683.940
2026-06-16,NASDAQCOM,26376.340
2026-06-17,NASDAQCOM,26021.660
2026-06-18,NASDAQCOM,26517.930
2026-06-22,NASDAQCOM,26166.600
2026-06-23,NASDAQCOM,25587.040
2026-06-24,NASDAQCOM,25476.640
2026-06-25,NASDAQCOM,25358.600
2026-06-26,NASDAQCOM,25297.620
2026-06-29,NASDAQCOM,25820.140
2026-06-30,NASDAQCOM,26213.720
2026-07-01,NASDAQCOM,26040.030
2026-07-02,NASDAQCOM,25832.670
2026-07-06,NASDAQCOM,26121.160
2026-07-07,NASDAQCOM,25818.690
2026-07-08,NASDAQCOM,25870.650
2026-07-09,NASDAQCOM,26206.890
2026-07-10,NASDAQCOM,26281.610
2026-07-13,NASDAQCOM,25873.180
2026-07-14,NASDAQCOM,26107.010
2026-07-15,NASDAQCOM,26269.230
2026-07-16,NASDAQCOM,25881.950
2026-07-17,NASDAQCOM,25520.240
2026-07-20,NASDAQCOM,25508.070
2026-07-21,NASDAQCOM,25837.210
2026-07-22,NASDAQCOM,25690.900
2026-07-23,NASDAQCOM,25137.690
2026-07-24,NASDAQCOM,24975.820
2026-07-27,NASDAQCOM,24932.080
2026-07-28,NASDAQCOM,24876.910
2026-07-29,NASDAQCOM,24442.940
2026-07-30,NASDAQCOM,25122.180
2026-07-31,NASDAQCOM,25373.850
2026-08-03,NASDAQCOM,25913.900
2026-08-04,NASDAQCOM,26584.990
2026-08-05,NASDAQCOM,26363.440
2026-08-06,NASDAQCOM,26348.350
2026-08-07,NASDAQCOM,26690.620
2025-05-09,DJIA,41249.38
2025-05-12,DJIA,42410.10
2025-05-13,DJIA,42140.43
2025-05-14,DJIA,42051.06
2025-05-15,DJIA,42322.75
2025-05-16,DJIA,42654.74
2025-05-19,DJIA,42792.07
2025-05-20,DJIA,42677.24
2025-05-21,DJIA,41860.44
2025-05-22,DJIA,41859.09
2025-05-23,DJIA,41603.07
2025-05-27,DJIA,42343.65
2025-05-28,DJIA,42098.70
2025-05-29,DJIA,42215.73
2025-05-30,DJIA,42270.07
2025-06-02,DJIA,42305.48
2025-06-03,DJIA,42519.64
2025-06-04,DJIA,42427.74
2025-06-05,DJIA,42319.74
2025-06-06,DJIA,42762.87
2025-06-09,DJIA,42761.76
2025-06-10,DJIA,42866.87
2025-06-11,DJIA,42865.77
2025-06-12,DJIA,42967.62
2025-06-13,DJIA,42197.79
2025-06-16,DJIA,42515.09
2025-06-17,DJIA,42215.80
2025-06-18,DJIA,42171.66
2025-06-20,DJIA,42206.82
2025-06-23,DJIA,42581.78
2025-06-24,DJIA,43089.02
2025-06-25,DJIA,42982.43
2025-06-26,DJIA,43386.84
2025-06-27,DJIA,43819.27
2025-06-30,DJIA,44094.77
2025-07-01,DJIA,44494.94
2025-07-02,DJIA,44484.42
2025-07-03,DJIA,44828.53
2025-07-07,DJIA,44406.36
2025-07-08,DJIA,44240.76
2025-07-09,DJIA,44458.30
2025-07-10,DJIA,44650.64
2025-07-11,DJIA,44371.51
2025-07-14,DJIA,44459.65
2025-07-15,DJIA,44023.29
2025-07-16,DJIA,44254.78
2025-07-17,DJIA,44484.49
2025-07-18,DJIA,44342.19
2025-07-21,DJIA,44323.07
2025-07-22,DJIA,44502.44
2025-07-23,DJIA,45010.29
2025-07-24,DJIA,44693.91
2025-07-25,DJIA,44901.92
2025-07-28,DJIA,44837.56
2025-07-29,DJIA,44632.99
2025-07-30,DJIA,44461.28
2025-07-31,DJIA,44130.98
2025-08-01,DJIA,43588.58
2025-08-04,DJIA,44173.64
2025-08-05,DJIA,44111.74
2025-08-06,DJIA,44193.12
2025-08-07,DJIA,43968.64
2025-08-08,DJIA,44175.61
2025-08-11,DJIA,43975.09
2025-08-12,DJIA,44458.61
2025-08-13,DJIA,44922.27
2025-08-14,DJIA,44911.26
2025-08-15,DJIA,44946.12
2025-08-18,DJIA,44911.82
2025-08-19,DJIA,44922.27
2025-08-20,DJIA,44938.31
2025-08-21,DJIA,44785.50
2025-08-22,DJIA,45631.74
2025-08-25,DJIA,45282.47
2025-08-26,DJIA,45418.07
2025-08-27,DJIA,45565.23
2025-08-28,DJIA,45636.90
2025-08-29,DJIA,45544.88
2025-09-02,DJIA,45295.81
2025-09-03,DJIA,45271.23
2025-09-04,DJIA,45621.29
2025-09-05,DJIA,45400.86
2025-09-08,DJIA,45514.95
2025-09-09,DJIA,45711.34
2025-09-10,DJIA,45490.92
2025-09-11,DJIA,46108.00
2025-09-12,DJIA,45834.22
2025-09-15,DJIA,45883.45
2025-09-16,DJIA,45757.90
2025-09-17,DJIA,46018.32
2025-09-18,DJIA,46142.42
2025-09-19,DJIA,46315.27
2025-09-22,DJIA,46381.54
2025-09-23,DJIA,46292.78
2025-09-24,DJIA,46121.28
2025-09-25,DJIA,45947.32
2025-09-26,DJIA,46247.29
2025-09-29,DJIA,46316.07
2025-09-30,DJIA,46397.89
2025-10-01,DJIA,46441.10
2025-10-02,DJIA,46519.72
2025-10-03,DJIA,46758.28
2025-10-06,DJIA,46694.97
2025-10-07,DJIA,46602.98
2025-10-08,DJIA,46601.78
2025-10-09,DJIA,46358.42
2025-10-10,DJIA,45479.60
2025-10-13,DJIA,46067.58
2025-10-14,DJIA,46270.46
2025-10-15,DJIA,46253.31
2025-10-16,DJIA,45952.24
2025-10-17,DJIA,46190.61
2025-10-20,DJIA,46706.58
2025-10-21,DJIA,46924.74
2025-10-22,DJIA,46590.41
2025-10-23,DJIA,46734.61
2025-10-24,DJIA,47207.12
2025-10-27,DJIA,47544.59
2025-10-28,DJIA,47706.37
2025-10-29,DJIA,47632.00
2025-10-30,DJIA,47522.12
2025-10-31,DJIA,47562.87
2025-11-03,DJIA,47336.68
2025-11-04,DJIA,47085.24
2025-11-05,DJIA,47311.00
2025-11-06,DJIA,46912.30
2025-11-07,DJIA,46987.10
2025-11-10,DJIA,47368.63
2025-11-11,DJIA,47927.96
2025-11-12,DJIA,48254.82
2025-11-13,DJIA,47457.22
2025-11-14,DJIA,47147.48
2025-11-17,DJIA,46590.24
2025-11-18,DJIA,46091.74
2025-11-19,DJIA,46138.77
2025-11-20,DJIA,45752.26
2025-11-21,DJIA,46245.41
2025-11-24,DJIA,46448.27
2025-11-25,DJIA,47112.45
2025-11-26,DJIA,47427.12
2025-11-28,DJIA,47716.42
2025-12-01,DJIA,47289.33
2025-12-02,DJIA,47474.46
2025-12-03,DJIA,47882.90
2025-12-04,DJIA,47850.94
2025-12-05,DJIA,47954.99
2025-12-08,DJIA,47739.32
2025-12-09,DJIA,47560.29
2025-12-10,DJIA,48057.75
2025-12-11,DJIA,48704.01
2025-12-12,DJIA,48458.05
2025-12-15,DJIA,48416.56
2025-12-16,DJIA,48114.26
2025-12-17,DJIA,47885.97
2025-12-18,DJIA,47951.85
2025-12-19,DJIA,48134.89
2025-12-22,DJIA,48362.68
2025-12-23,DJIA,48442.41
2025-12-24,DJIA,48731.16
2025-12-26,DJIA,48710.97
2025-12-29,DJIA,48461.93
2025-12-30,DJIA,48367.06
2025-12-31,DJIA,48063.29
2026-01-02,DJIA,48382.39
2026-01-05,DJIA,48977.18
2026-01-06,DJIA,49462.08
2026-01-07,DJIA,48996.08
2026-01-08,DJIA,49266.11
2026-01-09,DJIA,49504.07
2026-01-12,DJIA,49590.20
2026-01-13,DJIA,49191.99
2026-01-14,DJIA,49149.63
2026-01-15,DJIA,49442.44
2026-01-16,DJIA,49359.33
2026-01-20,DJIA,48488.59
2026-01-21,DJIA,49077.23
2026-01-22,DJIA,49384.01
2026-01-23,DJIA,49098.71
2026-01-26,DJIA,49412.40
2026-01-27,DJIA,49003.41
2026-01-28,DJIA,49015.60
2026-01-29,DJIA,49071.56
2026-01-30,DJIA,48892.47
2026-02-02,DJIA,49407.66
2026-02-03,DJIA,49240.99
2026-02-04,DJIA,49501.30
2026-02-05,DJIA,48908.72
2026-02-06,DJIA,50115.67
2026-02-09,DJIA,50135.87
2026-02-10,DJIA,50188.14
2026-02-11,DJIA,50121.40
2026-02-12,DJIA,49451.98
2026-02-13,DJIA,49500.93
2026-02-17,DJIA,49533.19
2026-02-18,DJIA,49662.66
2026-02-19,DJIA,49395.16
2026-02-20,DJIA,49625.97
2026-02-23,DJIA,48804.06
2026-02-24,DJIA,49174.50
2026-02-25,DJIA,49482.15
2026-02-26,DJIA,49499.20
2026-02-27,DJIA,48977.92
2026-03-02,DJIA,48904.78
2026-03-03,DJIA,48501.27
2026-03-04,DJIA,48739.41
2026-03-05,DJIA,47954.74
2026-03-06,DJIA,47501.55
2026-03-09,DJIA,47740.80
2026-03-10,DJIA,47706.51
2026-03-11,DJIA,47417.27
2026-03-12,DJIA,46677.85
2026-03-13,DJIA,46558.47
2026-03-16,DJIA,46946.41
2026-03-17,DJIA,46993.26
2026-03-18,DJIA,46225.15
2026-03-19,DJIA,46021.43
2026-03-20,DJIA,45577.47
2026-03-23,DJIA,46208.47
2026-03-24,DJIA,46124.06
2026-03-25,DJIA,46429.49
2026-03-26,DJIA,45960.11
2026-03-27,DJIA,45166.64
2026-03-30,DJIA,45216.14
2026-03-31,DJIA,46341.51
2026-04-01,DJIA,46565.74
2026-04-02,DJIA,46504.67
2026-04-06,DJIA,46669.88
2026-04-07,DJIA,46584.46
2026-04-08,DJIA,47909.92
2026-04-09,DJIA,48185.80
2026-04-10,DJIA,47916.57
2026-04-13,DJIA,48218.25
2026-04-14,DJIA,48535.99
2026-04-15,DJIA,48463.72
2026-04-16,DJIA,48578.72
2026-04-17,DJIA,49447.43
2026-04-20,DJIA,49442.56
2026-04-21,DJIA,49149.38
2026-04-22,DJIA,49490.03
2026-04-23,DJIA,49310.32
2026-04-24,DJIA,49230.71
2026-04-27,DJIA,49167.79
2026-04-28,DJIA,49141.93
2026-04-29,DJIA,48861.81
2026-04-30,DJIA,49652.14
2026-05-01,DJIA,49499.27
2026-05-04,DJIA,48941.90
2026-05-05,DJIA,49298.25
2026-05-06,DJIA,49910.59
2026-05-07,DJIA,49596.97
2026-05-08,DJIA,49609.16
2026-05-11,DJIA,49704.47
2026-05-12,DJIA,49760.56
2026-05-13,DJIA,49693.20
2026-05-14,DJIA,50063.46
2026-05-15,DJIA,49526.17
2026-05-18,DJIA,49686.12
2026-05-19,DJIA,49363.88
2026-05-20,DJIA,50009.35
2026-05-21,DJIA,50285.66
2026-05-22,DJIA,50579.70
2026-05-26,DJIA,50461.68
2026-05-27,DJIA,50644.28
2026-05-28,DJIA,50668.97
2026-05-29,DJIA,51032.46
2026-06-01,DJIA,51078.88
2026-06-02,DJIA,51307.79
2026-06-03,DJIA,50687.07
2026-06-04,DJIA,51561.93
2026-06-05,DJIA,50866.78
2026-06-08,DJIA,50786.01
2026-06-09,DJIA,50872.11
2026-06-10,DJIA,49918.78
2026-06-11,DJIA,50848.75
2026-06-12,DJIA,51202.26
2026-06-15,DJIA,51671.03
2026-06-16,DJIA,51999.67
2026-06-17,DJIA,51492.55
2026-06-18,DJIA,51564.70
2026-06-22,DJIA,51712.71
2026-06-23,DJIA,51666.84
2026-06-24,DJIA,51848.90
2026-06-25,DJIA,51920.62
2026-06-26,DJIA,51876.11
2026-06-29,DJIA,52182.74
2026-06-30,DJIA,52319.20
2026-07-01,DJIA,52305.24
2026-07-02,DJIA,52900.07
2026-07-06,DJIA,53055.91
2026-07-07,DJIA,52925.15
2026-07-08,DJIA,52348.39
2026-07-09,DJIA,52487.41
2026-07-10,DJIA,52637.01
2026-07-13,DJIA,52498.64
2026-07-14,DJIA,52508.27
2026-07-15,DJIA,52658.64
2026-07-16,DJIA,52552.97
2026-07-17,DJIA,52146.42
2026-07-20,DJIA,51839.26
2026-07-21,DJIA,52224.64
2026-07-22,DJIA,52218.58
2026-07-23,DJIA,51711.65
2026-07-24,DJIA,51947.25
2026-07-27,DJIA,52210.08
2026-07-28,DJIA,52747.32
2026-07-29,DJIA,51594.14
2026-07-30,DJIA,52208.06
2026-07-31,DJIA,52485.03
2026-08-03,DJIA,53178.41
2026-08-04,DJIA,54085.88
2026-08-05,DJIA,54349.12
2026-08-06,DJIA,53885.10
2026-08-07,DJIA,54036.93
2025-05-01,CPIAUCSL,320.620
2025-06-01,CPIAUCSL,321.435
2025-07-01,CPIAUCSL,322.169
2025-08-01,CPIAUCSL,323.291
2025-09-01,CPIAUCSL,324.245
2025-11-01,CPIAUCSL,325.063
2025-12-01,CPIAUCSL,326.031
2026-01-01,CPIAUCSL,326.588
2026-02-01,CPIAUCSL,327.460
2026-03-01,CPIAUCSL,330.293
2026-04-01,CPIAUCSL,332.407
2026-05-01,CPIAUCSL,333.979
2026-06-01,CPIAUCSL,332.568
2025-05-01,PAYEMS,158498
2025-06-01,PAYEMS,158478
2025-07-01,PAYEMS,158542
2025-08-01,PAYEMS,158472
2025-09-01,PAYEMS,158548
2025-10-01,PAYEMS,158408
2025-11-01,PAYEMS,158449
2025-12-01,PAYEMS,158432
2026-01-01,PAYEMS,158592
2026-02-01,PAYEMS,158436
2026-03-01,PAYEMS,158650
2026-04-01,PAYEMS,158798
2026-05-01,PAYEMS,158861
2026-06-01,PAYEMS,158881
2026-07-01,PAYEMS,158858
2025-05-12,GASREGW,3.120
2025-05-19,GASREGW,3.173
2025-05-26,GASREGW,3.160
2025-06-02,GASREGW,3.127
2025-06-09,GASREGW,3.108
2025-06-16,GASREGW,3.139
2025-06-23,GASREGW,3.213
2025-06-30,GASREGW,3.164
2025-07-07,GASREGW,3.125
2025-07-14,GASREGW,3.130
2025-07-21,GASREGW,3.121
2025-07-28,GASREGW,3.123
2025-08-04,GASREGW,3.140
2025-08-11,GASREGW,3.118
2025-08-18,GASREGW,3.125
2025-08-25,GASREGW,3.147
2025-09-01,GASREGW,3.177
2025-09-08,GASREGW,3.192
2025-09-15,GASREGW,3.168
2025-09-22,GASREGW,3.173
2025-09-29,GASREGW,3.118
2025-10-06,GASREGW,3.124
2025-10-13,GASREGW,3.061
2025-10-20,GASREGW,3.019
2025-10-27,GASREGW,3.035
2025-11-03,GASREGW,3.019
2025-11-10,GASREGW,3.056
2025-11-17,GASREGW,3.062
2025-11-24,GASREGW,3.061
2025-12-01,GASREGW,2.985
2025-12-08,GASREGW,2.940
2025-12-15,GASREGW,2.895
2025-12-22,GASREGW,2.841
2025-12-29,GASREGW,2.811
2026-01-05,GASREGW,2.796
2026-01-12,GASREGW,2.779
2026-01-19,GASREGW,2.806
2026-01-26,GASREGW,2.853
2026-02-02,GASREGW,2.867
2026-02-09,GASREGW,2.902
2026-02-16,GASREGW,2.924
2026-02-23,GASREGW,2.937
2026-03-02,GASREGW,3.015
2026-03-09,GASREGW,3.502
2026-03-16,GASREGW,3.720
2026-03-23,GASREGW,3.961
2026-03-30,GASREGW,3.990
2026-04-06,GASREGW,4.120
2026-04-13,GASREGW,4.123
2026-04-20,GASREGW,4.044
2026-04-27,GASREGW,4.123
2026-05-04,GASREGW,4.452
2026-05-11,GASREGW,4.500
2026-05-18,GASREGW,4.490
2026-05-25,GASREGW,4.475
2026-06-01,GASREGW,4.305
2026-06-08,GASREGW,4.146
2026-06-15,GASREGW,4.052
2026-06-22,GASREGW,3.914
2026-06-29,GASREGW,3.831
2026-07-06,GASREGW,3.777
2026-07-13,GASREGW,3.855
2026-07-20,GASREGW,4.001
2026-07-27,GASREGW,4.096
2026-08-03,GASREGW,4.079
2025-05-01,BOPGSTB,-66748
2025-06-01,BOPGSTB,-58697
2025-07-01,BOPGSTB,-75062
2025-08-01,BOPGSTB,-59642
2025-09-01,BOPGSTB,-59392
2025-10-01,BOPGSTB,-37376
2025-11-01,BOPGSTB,-63868
2025-12-01,BOPGSTB,-76078
2026-01-01,BOPGSTB,-54185
2026-02-01,BOPGSTB,-54980
2026-03-01,BOPGSTB,-56585
2026-04-01,BOPGSTB,-54570
2026-05-01,BOPGSTB,-77647
2026-06-01,BOPGSTB,-73261
